{
   "Arvhaax":{
      "error":"No logs on record."
   },
   "Doomstorm":{
      "error":"No logs on record."
   },
   "Stachio":{
      "error":"No kills in the given time window."
   },
   "Seymoursays":{
      "error":"No logs on record."
   },
   "Karendis":{
      "Skorpyron":{
         "average_dps":662326.6666666666,
         "num_fights":3,
         "sim_dps":853390,
         "percent_potential":77.61125237777179
      },
      "Chronomatic Anomaly":{
         "average_dps":632642.6666666666,
         "num_fights":3,
         "sim_dps":664042,
         "percent_potential":95.27148383184597
      },
      "Trilliax":{
         "average_dps":514276.0,
         "num_fights":3,
         "sim_dps":664042,
         "percent_potential":77.44630610714383
      },
      "Spellblade Aluriel":{
         "average_dps":599502.3333333334,
         "num_fights":3,
         "sim_dps":853390,
         "percent_potential":70.24951468066574
      },
      "Tichondrius":{
         "average_dps":544693.0,
         "num_fights":4,
         "sim_dps":979227,
         "percent_potential":55.62479384249005
      },
      "Star Augur Etraeus":{
         "average_dps":499451.75,
         "num_fights":4,
         "sim_dps":664042,
         "percent_potential":75.2138795437638
      },
      "Krosus":{
         "average_dps":451441.75,
         "num_fights":4,
         "sim_dps":664042,
         "percent_potential":67.9839151740402
      },
      "High Botanist Tel'arn":{
         "average_dps":550914.0,
         "num_fights":3,
         "sim_dps":853390,
         "percent_potential":64.5559474566142
      },
      "Grand Magistrix Elisande":{
         "average_dps":433833.3333333333,
         "num_fights":3,
         "sim_dps":649923,
         "percent_potential":66.75149722864606
      },
      "Gul'dan":{
         "average_dps":444086.0,
         "num_fights":1,
         "sim_dps":649923,
         "percent_potential":68.32901743745028
      },
      "average_performance":71.9037607680432,
      "elapsed_time":15.35300350189209
   },
   "Zulrahn":{
      "Skorpyron":{
         "average_dps":758782.3333333334,
         "num_fights":3,
         "sim_dps":1122388,
         "percent_potential":67.60428063497947
      },
      "Chronomatic Anomaly":{
         "average_dps":545738.0,
         "num_fights":3,
         "sim_dps":589796,
         "percent_potential":92.52995951142428
      },
      "Trilliax":{
         "average_dps":425756.6666666667,
         "num_fights":3,
         "sim_dps":589796,
         "percent_potential":72.18710650236127
      },
      "Spellblade Aluriel":{
         "average_dps":604284.3333333334,
         "num_fights":3,
         "sim_dps":1122388,
         "percent_potential":53.839165541090374
      },
      "Tichondrius":{
         "average_dps":627799.0,
         "num_fights":3,
         "sim_dps":1156810,
         "percent_potential":54.269845523465385
      },
      "Star Augur Etraeus":{
         "average_dps":510781.6666666667,
         "num_fights":3,
         "sim_dps":589796,
         "percent_potential":86.60310796727457
      },
      "Krosus":{
         "average_dps":461050.6666666667,
         "num_fights":3,
         "sim_dps":589796,
         "percent_potential":78.1712094803401
      },
      "High Botanist Tel'arn":{
         "average_dps":506082.5,
         "num_fights":2,
         "sim_dps":1122388,
         "percent_potential":45.089799605840405
      },
      "Grand Magistrix Elisande":{
         "average_dps":469981.0,
         "num_fights":2,
         "sim_dps":589208,
         "percent_potential":79.7648708096292
      },
      "average_performance":70.0065939529339,
      "elapsed_time":16.963823318481445
   },
   "Giasham":{
      "Skorpyron":{
         "average_dps":809266.0,
         "num_fights":1,
         "sim_dps":876931,
         "percent_potential":92.283885505245
      },
      "Chronomatic Anomaly":{
         "average_dps":799413.0,
         "num_fights":1,
         "sim_dps":469677,
         "percent_potential":170.2048429026757
      },
      "Trilliax":{
         "average_dps":498624.0,
         "num_fights":1,
         "sim_dps":469677,
         "percent_potential":106.16317171162308
      },
      "Spellblade Aluriel":{
         "average_dps":745180.0,
         "num_fights":1,
         "sim_dps":876931,
         "percent_potential":84.97589890196606
      },
      "Tichondrius":{
         "average_dps":539275.0,
         "num_fights":1,
         "sim_dps":910399,
         "percent_potential":59.23501673442084
      },
      "Star Augur Etraeus":{
         "average_dps":604443.0,
         "num_fights":1,
         "sim_dps":469677,
         "percent_potential":128.6933360586105
      },
      "Krosus":{
         "average_dps":572505.0,
         "num_fights":1,
         "sim_dps":469677,
         "percent_potential":121.8933437234525
      },
      "High Botanist Tel'arn":{
         "average_dps":402510.0,
         "num_fights":1,
         "sim_dps":876931,
         "percent_potential":45.8998484487377
      },
      "average_performance":101.16866799834142,
      "elapsed_time":18.95897150039673
   },
   "Zhul\u00ec":{
      "error":"No logs on record."
   },
   "Rollthebones":{
      "error":"No logs on record."
   },
   "Heanthor":{
      "Skorpyron":{
         "average_dps":1030055.3333333334,
         "num_fights":3,
         "sim_dps":1072672,
         "percent_potential":96.02705517934031
      },
      "Chronomatic Anomaly":{
         "average_dps":710401.3333333334,
         "num_fights":3,
         "sim_dps":720596,
         "percent_potential":98.58524517667783
      },
      "Trilliax":{
         "average_dps":621484.3333333334,
         "num_fights":3,
         "sim_dps":720596,
         "percent_potential":86.24587609885891
      },
      "Spellblade Aluriel":{
         "average_dps":890343.3333333334,
         "num_fights":3,
         "sim_dps":1072672,
         "percent_potential":83.00238407764287
      },
      "Tichondrius":{
         "average_dps":788801.5,
         "num_fights":4,
         "sim_dps":1317005,
         "percent_potential":59.89358430681736
      },
      "Star Augur Etraeus":{
         "average_dps":595614.75,
         "num_fights":4,
         "sim_dps":720596,
         "percent_potential":82.65585015736974
      },
      "Krosus":{
         "average_dps":609589.5,
         "num_fights":4,
         "sim_dps":720596,
         "percent_potential":84.5951823213007
      },
      "High Botanist Tel'arn":{
         "average_dps":701073.0,
         "num_fights":2,
         "sim_dps":1072672,
         "percent_potential":65.35763029145909
      },
      "Grand Magistrix Elisande":{
         "average_dps":509371.6666666667,
         "num_fights":3,
         "sim_dps":696289,
         "percent_potential":73.15520806255257
      },
      "Gul'dan":{
         "average_dps":579125.0,
         "num_fights":1,
         "sim_dps":696289,
         "percent_potential":83.17307899449797
      },
      "average_performance":81.26910946665174,
      "elapsed_time":12.927616119384766
   },
   "Pazh":{
      "Skorpyron":{
         "average_dps":610327.0,
         "num_fights":2,
         "sim_dps":899321,
         "percent_potential":67.86531171850763
      },
      "Chronomatic Anomaly":{
         "average_dps":600304.0,
         "num_fights":2,
         "sim_dps":676192,
         "percent_potential":88.77715205148834
      },
      "Trilliax":{
         "average_dps":530838.0,
         "num_fights":2,
         "sim_dps":676192,
         "percent_potential":78.50403435710568
      },
      "Spellblade Aluriel":{
         "average_dps":576118.0,
         "num_fights":2,
         "sim_dps":899321,
         "percent_potential":64.06144191006325
      },
      "Tichondrius":{
         "average_dps":525244.0,
         "num_fights":3,
         "sim_dps":854627,
         "percent_potential":61.45885865997681
      },
      "Star Augur Etraeus":{
         "average_dps":498909.3333333333,